,kmeans_labels,acousticness,danceability,instrumentalness,key,liveness,mode,speechiness,tempo,time_signature,valence,EAL
0,0,0.2880336586114826,0.5643215882278507,0.03957017240770883,0.5550049717715694,0.21125375964651133,0.0,0.09254797049372229,0.4094177967070166,0.7291235146625967,0.5175559432872731,0.734248220731553
1,1,0.1478718226673003,0.5686306918333522,0.1892312419409004,0.4322783607457298,0.2141503209490628,1.0,0.0777706162249133,0.42705237771743454,0.7360545151278424,0.5248643667936688,0.7197202288215109
2,2,0.8509289456902408,0.3925966277352719,0.38557508677739205,0.448382185938747,0.17899142023429968,1.0,0.037475206807355485,0.36586486624819936,0.6880728622810071,0.32935166934062043,0.7777406186018015
3,3,0.4240225089417627,0.47285314783439614,0.7876587732434562,0.5428473363563758,0.17044582455703433,0.0,0.041860631435142334,0.39926793959335116,0.7134792710375372,0.3323501938040211,0.7269693519635652
